DrugBank ID,SMILES
DB00014,CC(C)CC(C(=O)NC(CCCN=C(N)N)C(=O)N1CCCC1C(=O)NNC(=O)N)NC(=O)C(COC(C)(C)C)NC(=O)C(CC2=CC=C(C=C2)O)NC(=O)C(CO)NC(=O)C(CC3=CNC4=CC=CC=C43)NC(=O)C(CC5=CN=CN5)NC(=O)C6CCC(=O)N6
DB00035,C1CC(N(C1)C(=O)C2CSSCCC(=O)NC(C(=O)NC(C(=O)NC(C(=O)NC(C(=O)N2)CC(=O)N)CCC(=O)N)CC3=CC=CC=C3)CC4=CC=C(C=C4)O)C(=O)NC(CCCN=C(N)N)C(=O)NCC(=O)N
DB00050,CC(C)CC(C(=O)NC(CCCN=C(N)N)C(=O)N1CCCC1C(=O)NC(C)C(=O)N)NC(=O)C(CCCNC(=O)N)NC(=O)C(CC2=CC=C(C=C2)O)NC(=O)C(CO)NC(=O)C(CC3=CN=CC=C3)NC(=O)C(CC4=CC=C(C=C4)Cl)NC(=O)C(CC5=CC6=CC=CC=C6C=C5)NC(=O)C
DB00091,CCC1C(=O)N(CC(=O)N(C(C(=O)NC(C(=O)N(C(C(=O)NC(C(=O)NC(C(=O)N(C(C(=O)N(C(C(=O)N(C(C(=O)N(C(C(=O)N1)C(C(C)CC=CC)O)C)C(C)C)C)CC(C)C)C)CC(C)C)C)C)C)CC(C)C)C)C(C)C)CC(C)C)C)C
DB00104,CC(C1C(=O)NC(CSSCC(C(=O)NC(C(=O)NC(C(=O)NC(C(=O)N1)CCCCN)CC2=CNC3=CC=CC=C32)CC4=CC=CC=C4)NC(=O)C(CC5=CC=CC=C5)N)C(=O)NC(CO)C(C)O)O
DB00114,CC1=NC=C(C(=C1O)C=O)COP(=O)(O)O
DB00115,CC1=CC2=C(C=C1C)N(C=N2)C3C(C(C(O3)CO)OP(=O)([O-])OC(C)CNC(=O)CCC4(C(C5C6(C(C(C(=C(C7=NC(=CC8=NC(=C(C4=N5)C)C(C8(C)C)CCC(=O)N)C(C7(C)CC(=O)N)CCC(=O)N)C)[N-]6)CCC(=O)N)(C)CC(=O)N)C)CC(=O)N)C)O.[C-]#N.[Co+3]
DB00121,C1C2C(C(S1)CCCCC(=O)O)NC(=O)N2
DB00126,C(C(C1C(=C(C(=O)O1)O)O)O)O
DB00130,C(CC(=O)N)C(C(=O)O)N
DB00134,CSCCC(C(=O)O)N
DB00143,C(CC(=O)NC(CS)C(=O)NCC(=O)O)C(C(=O)O)N
DB00145,C(C(=O)O)N
DB00150,C1=CC=C2C(=C1)C(=CN2)CC(C(=O)O)N
DB00158,C1=CC(=CC=C1C(=O)NC(CCC(=O)O)C(=O)O)NCC2=CN=C3C(=N2)C(=O)NC(=N3)N
DB00162,CC1=C(C(CCC1)(C)C)C=CC(=CC=CC(=CCO)C)C
DB00166,C1CSSC1CCCCC(=O)O
DB00170,CC1=CC(=O)C2=CC=CC=C2C1=O
DB00175,CCC(C)C(=O)OC1CC(C=C2C1C(C(C=C2)C)CCC(CC(CC(=O)O)O)O)O
DB00176,COCCCCC(=NOCCN)C1=CC=C(C=C1)C(F)(F)F
DB00179,CC(CC1=CC(=C(C=C1)O)O)C(C)CC2=CC(=C(C=C2)O)O
DB00181,C1=CC(=CC=C1C(CC(=O)O)CN)Cl
DB00182,CC(CC1=CC=CC=C1)N
DB00184,CN1CCCC1C2=CN=CC=C2
DB00185,CC1OC2(CN3CCC2CC3)CS1
DB00186,C1=CC=C(C(=C1)C2=NC(C(=O)NC3=C2C=C(C=C3)Cl)O)Cl
DB00188,B(C(CC(C)C)NC(=O)C(CC1=CC=CC=C1)NC(=O)C2=NC=CN=C2)(O)O
DB00189,CCC(C=CCl)(C#C)O
DB00191,CC(C)(CC1=CC=CC=C1)N
DB00193,CN(C)CC1CCCCC1(C2=CC(=CC=C2)OC)O
DB00195,CC(C)NCC(COC1=CC=C(C=C1)CCOCC2CC2)O
DB00198,CCC(CC)OC1C=C(CC(C1NC(=O)C)N)C(=O)OCC
DB00200,CC1=CC2=C(C=C1C)N(C=N2)C3C(C(C(O3)CO)OP(=O)([O-])OC(C)CNC(=O)CCC4(C(C5C6(C(C(C(=N6)C(=C7C(C(C(=N7)C=C8C(C(C(=N8)C(=C4[N-]5)C)CCC(=O)N)(C)C)CCC(=O)N)(C)CC(=O)N)C)CCC(=O)N)(C)CC(=O)N)C)CC(=O)N)C)O.O.[Co]
DB00201,CN1C=NC2=C1C(=O)N(C(=O)N2C)C
DB00202,C[N+](C)(C)CCOC(=O)CCC(=O)OCC[N+](C)(C)C
DB00203,CCCC1=NN(C2=C1N=C(NC2=O)C3=C(C=CC(=C3)S(=O)(=O)N4CCN(CC4)C)OCC)C
DB00204,CN(CCC1=CC=C(C=C1)NS(=O)(=O)C)CCOC2=CC=C(C=C2)NS(=O)(=O)C
DB00205,CCC1=C(C(=NC(=N1)N)N)C2=CC=C(C=C2)Cl
DB00208,C1CN(CC2=C1SC=C2)CC3=CC=CC=C3Cl
DB00210,COC1=C(C=C(C=C1)C2=CC3=C(C=C2)C=C(C=C3)C(=O)O)C45CC6CC(C4)CC(C6)C5
DB00211,COC1=CC(=C(C=C1)OC)C(CNC(=O)CN)O
DB00213,COC1=C(C(=NC=C1)CS(=O)C2=NC3=C(N2)C=C(C=C3)OC(F)F)OC
DB00215,CN(C)CCCC1(C2=C(CO1)C=C(C=C2)C#N)C3=CC=C(C=C3)F
DB00216,CN1CCCC1CC2=CNC3=C2C=C(C=C3)CCS(=O)(=O)C4=CC=CC=C4
DB00217,CNC(=NC)NCC1=CC=CC=C1
DB00218,COC1=C2C(=CC(=C1N3CC4CCCNC4C3)F)C(=O)C(=CN2C5CC5)C(=O)O
DB00221,CCC(C(C1=CC(=C(C=C1)O)O)O)NC(C)C
DB00222,CCC1=C(CN(C1=O)C(=O)NCCC2=CC=C(C=C2)S(=O)(=O)NC(=O)NC3CCC(CC3)C)C
DB00227,CCC(C)C(=O)OC1CC(C=C2C1C(C(C=C2)C)CCC3CC(CC(=O)O3)O)C
DB00228,C(C(OC(F)F)(F)F)(F)Cl
DB00231,CN1C2=C(C=C(C=C2)Cl)C(=NC(C1=O)O)C3=CC=CC=C3
DB00232,CN1C(NC2=CC(=C(C=C2S1(=O)=O)S(=O)(=O)N)Cl)CCl
DB00233,C1=CC(=C(C=C1N)O)C(=O)O
DB00234,CCOC1=CC=CC=C1OC(C2CNCCO2)C3=CC=CC=C3
DB00235,CC1=C(C=C(C(=O)N1)C#N)C2=CC=NC=C2
DB00242,C1C(C(OC1N2C=NC3=C(N=C(N=C32)Cl)N)CO)O
DB00243,CC1=C(C(=CC=C1)C)NC(=O)CN2CCN(CC2)CC(COC3=CC=CC=C3OC)O
DB00244,C1=CC(=C(C=C1N)C(=O)O)O
DB00245,CN1C2CCC1CC(C2)OC(C3=CC=CC=C3)C4=CC=CC=C4
DB00246,C1CN(CCN1CCC2=C(C=C3C(=C2)CC(=O)N3)Cl)C4=NSC5=CC=CC=C54
DB00247,CCC(CO)NC(=O)C1CN(C2CC3=CN(C4=CC=CC(=C34)C2=C1)C)C
DB00248,CCNC(=O)N(CCCN(C)C)C(=O)C1CC2C(CC3=CNC4=CC=CC2=C34)N(C1)CC=C
DB00252,C1=CC=C(C=C1)C2(C(=O)NC(=O)N2)C3=CC=CC=C3
DB00255,CCC(=C(CC)C1=CC=C(C=C1)O)C2=CC=C(C=C2)O
DB00257,C1=CC=C(C=C1)C(C2=CC=CC=C2)(C3=CC=CC=C3Cl)N4C=CN=C4
DB00259,C1=CC(=CC=C1N)S(=O)(=O)N
DB00261,C1C2=C(C=CC(=C2Cl)Cl)N=C3N1CC(=O)N3
DB00264,CC(C)NCC(COC1=CC=C(C=C1)CCOC)O
DB00266,C1=CC=C2C(=C1)C(=C(C(=O)O2)CC3=C(C4=CC=CC=C4OC3=O)O)O
DB00268,CCCN(CCC)CCC1=C2CC(=O)NC2=CC=C1
DB00270,CC1=C(C(C(=C(N1)C)C(=O)OC(C)C)C2=CC=CC3=NON=C32)C(=O)OC
DB00273,CC1(OC2COC3(C(C2O1)OC(O3)(C)C)COS(=O)(=O)N)C
DB00276,COC1=C(C=CC(=C1)NS(=O)(=O)C)NC2=C3C=CC=CC3=NC4=CC=CC=C42
DB00277,CN1C2=C(C(=O)N(C1=O)C)NC=N2
DB00280,CC(C)N(CCC(C1=CC=CC=C1)(C2=CC=CC=N2)C(=O)N)C(C)C
DB00281,CCN(CC)CC(=O)NC1=C(C=CC=C1C)C
DB00283,CC(C1=CC=CC=C1)(C2=CC=C(C=C2)Cl)OCCC3CCCN3C
DB00284,CC1C(C(C(C(O1)OC2C(OC(C(C2O)O)OC(C(CO)O)C(C(C=O)O)O)CO)O)O)NC3C=C(C(C(C3O)O)O)CO
DB00285,CN(C)CC(C1=CC=C(C=C1)OC)C2(CCCCC2)O
DB00288,CC(=O)OCC(=O)C12C(CC3C1(CC(C4(C3CCC5=CC(=O)C=CC54C)F)O)C)OC6(O2)CCCC6
DB00289,CC1=CC=CC=C1OC(CCNC)C2=CC=CC=C2
DB00290,CC1=C(N=C(N=C1N)C(CC(=O)N)NCC(C(=O)N)N)C(=O)NC(C(C2=CN=CN2)OC3C(C(C(C(O3)CO)O)O)OC4C(C(C(C(O4)CO)O)OC(=O)N)O)C(=O)NC(C)C(C(C)C(=O)NC(C(C)O)C(=O)NCCC5=NC(=CS5)C6=NC(=CS6)C(=O)NCCC[S+](C)C)O
DB00292,CCOC(=O)C1=CN=CN1C(C)C2=CC=CC=C2
DB00293,CC1=NC2=C(C=C(C=C2)CN(C)C3=CC=C(S3)C(=O)NC(CCC(=O)O)C(=O)O)C(=O)N1
DB00294,CCC12CC(=C)C3C(C1CCC2(C#C)O)CCC4=CC(=O)CCC34
DB00295,CN1CCC23C4C1CC5=C2C(=C(C=C5)O)OC3C(C=C4)O
DB00297,CCCCN1CCCCC1C(=O)NC2=C(C=CC=C2C)C
DB00298,CC1=CC=CC=C1N2CCN(CC2)CCC3=NN=C4N3CCCC4
DB00304,CCC12CC(=C)C3C(C1CCC2(C#C)O)CCC4=CCCCC34
DB00306,CCC(C)C1(C(=O)NC(=O)NC1=O)CC=C
DB00307,CC1=CC2=C(C=C1C(=C)C3=CC=C(C=C3)C(=O)O)C(CCC2(C)C)(C)C
DB00308,CCCCCCCN(CC)CCCC(C1=CC=C(C=C1)NS(=O)(=O)C)O
DB00312,CCCC(C)C1(C(=O)NC(=O)NC1=O)CC
DB00313,CCCC(CCC)C(=O)O
DB00315,CN(C)CCC1=CNC2=C1C=C(C=C2)CC3COC(=O)N3
DB00316,CC(=O)NC1=CC=C(C=C1)O
DB00317,COC1=C(C=C2C(=C1)N=CN=C2NC3=CC(=C(C=C3)F)Cl)OCCCN4CCOCC4
DB00318,CN1CCC23C4C1CC5=C2C(=C(C=C5)OC)OC3C(C=C4)O
DB00320,CC1(C(=O)N2C(C(=O)N3CCCC3C2(O1)O)CC4=CC=CC=C4)NC(=O)C5CC6C(CC7=CNC8=CC=CC6=C78)N(C5)C
DB00321,CN(C)CCC=C1C2=CC=CC=C2CCC3=CC=CC=C31
DB00327,CN1CCC23C4C1CC5=C2C(=C(C=C5)O)OC3C(=O)CC4
DB00328,CC1=C(C2=C(N1C(=O)C3=CC=C(C=C3)Cl)C=CC(=C2)OC)CC(=O)O
DB00332,CC(C)[N+]1(C2CCC1CC(C2)OC(=O)C(CO)C3=CC=CC=C3)C
DB00333,CCC(=O)C(CC(C)N(C)C)(C1=CC=CC=C1)C2=CC=CC=C2
DB00334,CC1=CC2=C(S1)NC3=CC=CC=C3N=C2N4CCN(CC4)C
DB00335,CC(C)NCC(COC1=CC=C(C=C1)CC(=O)N)O
DB00337,CCC1C=C(CC(CC(C2C(CC(C(O2)(C(=O)C(=O)N3CCCCC3C(=O)OC(C(C(CC1=O)O)C)C(=CC4CCC(C(C4)OC)Cl)C)O)C)OC)OC)C)C
DB00340,CN1CCCC(C1)CC2C3=CC=CC=C3SC4=CC=CC=C24
DB00343,CC(=O)OC1C(SC2=CC=CC=C2N(C1=O)CCN(C)C)C3=CC=C(C=C3)OC
DB00344,CNCCCC1C2=CC=CC=C2C=CC3=CC=CC=C13
DB00346,CN(CCCNC(=O)C1CCCO1)C2=NC3=CC(=C(C=C3C(=N2)N)OC)OC
DB00349,CN1C(=O)CC(=O)N(C2=C1C=CC(=C2)Cl)C3=CC=CC=C3
DB00350,C1CCN(CC1)C2=NC(=N)N(C(=C2)N)O
DB00353,CCC(CO)NC(=O)C1CN(C2CC3=CNC4=CC=CC(=C34)C2=C1)C
DB00354,CC(C)(C)C1=CC=C(C=C1)CN2CCN(CC2)C(C3=CC=CC=C3)C4=CC=C(C=C4)Cl
DB00358,C1CCNC(C1)C(C2=CC(=NC3=C2C=CC=C3C(F)(F)F)C(F)(F)F)O
DB00360,CC(C(C1CNC2=C(N1)C(=O)NC(=N2)N)O)O
DB00363,CN1CCN(CC1)C2=NC3=C(C=CC(=C3)Cl)NC4=CC=CC=C42
DB00364,C(C1C(C(C(C(O1)OC2(C(C(C(O2)COS(=O)(=O)O[Al])OS(=O)(=O)O[Al])OS(=O)(=O)O[Al])COS(=O)(=O)O[Al])OS(=O)(=O)O[Al])OS(=O)(=O)O[Al])OS(=O)(=O)O[Al])OS(=O)(=O)O[Al].O.O.O.O.O.O.O.O.O.O.O.O.O.O.O.O.O.O.O.O.[Al]
DB00366,CC(C1=CC=CC=C1)(C2=CC=CC=N2)OCCN(C)C
DB00367,CCC12CCC3C(C1CCC2(C#C)O)CCC4=CC(=O)CCC34
DB00368,C1=CC(=C(C=C1C(CN)O)O)O
DB00370,CN1CCN2C(C1)C3=CC=CC=C3CC4=C2N=CC=C4
DB00371,CCCC(C)(COC(=O)N)COC(=O)N
DB00373,CC(C)(C)NCC(COC1=NSN=C1N2CCOCC2)O
DB00374,CCCCCC(CCC1C(CC2C1CC3=C(C2)C(=CC=C3)OCC(=O)O)O)O
DB00376,C1CCC(CC1)C(CCN2CCCCC2)(C3=CC=CC=C3)O
DB00379,CC1=C(C(=CC=C1)C)OCC(C)N
DB00380,CC(CN1CC(=O)NC(=O)C1)N2CC(=O)NC(=O)C2
DB00381,CCOC(=O)C1=C(NC(=C(C1C2=CC=CC=C2Cl)C(=O)OC)C)COCCN
DB00383,CN1CCCN=C1COC(=O)C(C2CCCCC2)(C3=CC=CC=C3)O
DB00384,C1=CC=C(C=C1)C2=NC3=C(N=C(N=C3N=C2N)N)N
DB00387,C1CCC(CC1)C(CCN2CCCC2)(C3=CC=CC=C3)O
DB00388,CNCC(C1=CC(=CC=C1)O)O
DB00391,CCN1CCCC1CNC(=O)C2=C(C=CC(=C2)S(=O)(=O)N)OC
DB00392,CCN(CC)C(C)CN1C2=CC=CC=C2SC3=CC=CC=C31
DB00393,CC1=C(C(C(=C(N1)C)C(=O)OC(C)C)C2=CC(=CC=C2)[N+](=O)[O-])C(=O)OCCOC
DB00394,CCC(=O)OCC(=O)C1(C(CC2C1(CC(C3(C2CCC4=CC(=O)C=CC43C)Cl)O)C)C)OC(=O)CC
DB00396,CC(=O)C1CCC2C1(CCC3C2CCC4=CC(=O)CCC34C)C
DB00397,CC(C(C1=CC=CC=C1)O)N
DB00398,CNC(=O)C1=NC=CC(=C1)OC2=CC=C(C=C2)NC(=O)NC3=CC(=C(C=C3)Cl)C(F)(F)F
DB00399,C1=CN(C=N1)CC(O)(P(=O)(O)O)P(=O)(O)O
DB00401,CC1=C(C(C(=C(N1)C)C(=O)OCC(C)C)C2=CC=CC=C2[N+](=O)[O-])C(=O)OC
DB00402,CN1CCN(CC1)C(=O)OC2C3=NC=CN=C3C(=O)N2C4=NC=C(C=C4)Cl
DB00404,CC1=NN=C2N1C3=C(C=C(C=C3)Cl)C(=NC2)C4=CC=CC=C4
DB00408,CN1CCN(CC1)C2=NC3=CC=CC=C3OC4=C2C=C(C=C4)Cl
DB00409,CCN1CCCC1CNC(=O)C2=C(C=CC(=C2OC)Br)OC
DB00411,C[N+](C)(C)CCOC(=O)N
DB00412,CN(CCOC1=CC=C(C=C1)CC2C(=O)NC(=O)S2)C3=CC=CC=N3
DB00413,CCCNC1CCC2=C(C1)SC(=N2)N
DB00418,CCCC(C)C1(C(=O)NC(=O)NC1=O)CC=C
DB00419,CCCCN1CC(C(C(C1CO)O)O)O
DB00420,CN(C)CCCN1C2=CC=CC=C2SC3=CC=CC=C31
DB00421,CC(=O)SC1CC2=CC(=O)CCC2(C3C1C4CCC5(C4(CC3)C)CCC(=O)O5)C
DB00422,COC(=O)C(C1CCCCN1)C2=CC=CC=C2
DB00424,CN1C2CCC1CC(C2)OC(=O)C(CO)C3=CC=CC=C3
DB00425,CC1=CC=C(C=C1)C2=C(N3C=C(C=CC3=N2)C)CC(=O)N(C)C
DB00431,C1(C(C(C(C(C1Cl)Cl)Cl)Cl)Cl)Cl
DB00433,CN1CCN(CC1)CCCN2C3=CC=CC=C3SC4=C2C=C(C=C4)Cl
DB00434,CN1CCC(=C2C3=CC=CC=C3C=CC4=CC=CC=C42)CC1
DB00436,C1=CC=C(C=C1)CC2NC3=C(C=C(C(=C3)C(F)(F)F)S(=O)(=O)N)S(=O)(=O)N2
DB00440,COC1=CC(=CC(=C1OC)OC)CC2=CN=C(N=C2N)N
DB00441,C1=CN(C(=O)N=C1N)C2C(C(C(O2)CO)O)(F)F
DB00445,CC1C(C(CC(O1)OC2CC(CC3=C2C(=C4C(=C3O)C(=O)C5=C(C4=O)C(=CC=C5)OC)O)(C(=O)CO)O)N)O
DB00450,C1CN(CC=C1N2C3=CC=CC=C3NC2=O)CCCC(=O)C4=CC=C(C=C4)F
DB00454,CCOC(=O)C1(CCN(CC1)C)C2=CC=CC=C2
DB00455,CCOC(=O)N1CCC(=C2C3=C(CCC4=C2N=CC=C4)C=C(C=C3)Cl)CC1
DB00456,CC(=O)OCC1=C(N2C(C(C2=O)NC(=O)CC3=CC=CS3)SC1)C(=O)O
DB00457,COC1=C(C=C2C(=C1)C(=NC(=N2)N3CCN(CC3)C(=O)C4=CC=CO4)N)OC
DB00458,CN(C)CCCN1C2=CC=CC=C2CCC3=CC=CC=C31
DB00459,CC1=CC(=C(C(=C1C=CC(=CC=CC(=CC(=O)O)C)C)C)C)OC
DB00461,CC(=O)CCC1=CC2=C(C=C1)C=C(C=C2)OC
DB00464,CCCCC(CC)CCC(CC(C)C)OS(=O)(=O)[O-].[Na+]
DB00465,C1CN2C(=CC=C2C(=O)C3=CC=CC=C3)C1C(=O)O
DB00467,CCN1C=C(C(=O)C2=CC(=C(N=C21)N3CCNCC3)F)C(=O)O
DB00468,COC1=CC2=C(C=CN=C2C=C1)C(C3CC4CCN3CC4C=C)O
DB00469,CN1C(=C(C2=C(S1(=O)=O)C=CS2)O)C(=O)NC3=CC=CC=N3
DB00470,CCCCCC1=CC(=C2C3C=C(CCC3C(OC2=C1)(C)C)C)O
DB00471,CC(C)(C1=CC=CC=C1CCC(C2=CC=CC(=C2)C=CC3=NC4=C(C=CC(=C4)Cl)C=C3)SCC5(CC5)CC(=O)O)O
DB00472,CNCCC(C1=CC=CC=C1)OC2=CC=C(C=C2)C(F)(F)F
DB00475,CN=C1CN(C(=C2C=C(C=CC2=N1)Cl)C3=CC=CC=C3)O
DB00476,CNCCC(C1=CC=CS1)OC2=CC=CC3=CC=CC=C32
DB00477,CN(C)CCCN1C2=CC=CC=C2SC3=C1C=C(C=C3)Cl
DB00478,CC(C12CC3CC(C1)CC(C3)C2)N
DB00480,C1CC(=O)NC(=O)C1N2CC3=C(C2=O)C=CC=C3N
DB00481,C1CCN(CC1)CCOC2=CC=C(C=C2)C(=O)C3=C(SC4=C3C=CC(=C4)O)C5=CC=C(C=C5)O
DB00482,CC1=CC=C(C=C1)C2=CC(=NN2C3=CC=C(C=C3)S(=O)(=O)N)C(F)(F)F
DB00484,C1CN=C(N1)NC2=C(C3=NC=CN=C3C=C2)Br
DB00485,CC1=C(C(=NO1)C2=C(C=CC=C2Cl)Cl)C(=O)NC3C4N(C3=O)C(C(S4)(C)C)C(=O)O
DB00486,CCCCCCC(C)(C)C1=CC(=C2C3CC(=O)CCC3C(OC2=C1)(C)C)O
DB00487,CCN1C=C(C(=O)C2=CC(=C(C=C21)N3CCN(CC3)C)F)C(=O)O
DB00489,CC(C)NCC(C1=CC=C(C=C1)NS(=O)(=O)C)O
DB00490,C1CCC2(C1)CC(=O)N(C(=O)C2)CCCCN3CCN(CC3)C4=NC=CC=N4
DB00491,C1C(C(C(C(N1CCO)CO)O)O)O
DB00493,CC(=O)OCC1=C(N2C(C(C2=O)NC(=O)C(=NOC)C3=CSC(=N3)N)SC1)C(=O)O
DB00495,CC1=CN(C(=O)NC1=O)C2CC(C(O2)CO)N=[N+]=[N-]
DB00496,C1CN(CC1C(C2=CC=CC=C2)(C3=CC=CC=C3)C(=O)N)CCC4=CC5=C(C=C4)OCC5
DB00497,CN1CCC23C4C(=O)CCC2(C1CC5=C3C(=C(C=C5)OC)O4)O
DB00499,CC(C)C(=O)NC1=CC(=C(C=C1)[N+](=O)[O-])C(F)(F)F
DB00500,CC1=CC=C(C=C1)C(=O)C2=CC=C(N2C)CC(=O)O
DB00502,C1CN(CCC1(C2=CC=C(C=C2)Cl)O)CCCC(=O)C3=CC=C(C=C3)F
DB00508,CN(C)CCCN1C2=CC=CC=C2SC3=C1C=C(C=C3)C(F)(F)F
DB00509,C1=C(C=C(C(=C1I)OC2=CC(=C(C(=C2)I)O)I)I)CC(C(=O)O)N
DB00513,C(CCC(=O)O)CCN
DB00514,CN1CCC23CCCCC2C1CC4=C3C=C(C=C4)OC
DB00518,CCCSC1=CC2=C(C=C1)N=C(N2)NC(=O)OC
DB00521,CC(C)(C)NCC(COC1=CC=CC2=C1CCC(=O)N2)O
DB00523,CC1=C(C(CCC1)(C)C)C=CC(=CC=CC(=CC(=O)O)C)C
DB00524,CC1NC2=CC(=C(C=C2C(=O)N1C3=CC=CC=C3C)S(=O)(=O)N)Cl
DB00527,CCCCOC1=NC2=CC=CC=C2C(=C1)C(=O)NCCN(CC)CC
DB00530,COCCOC1=C(C=C2C(=C1)C(=NC=N2)NC3=CC=CC(=C3)C#C)OCCOC
DB00533,CS(=O)(=O)C1=CC=C(C=C1)C2=C(C(=O)OC2)C3=CC=CC=C3
DB00537,C1CC1N2C=C(C(=O)C3=CC(=C(C=C32)N4CCNCC4)F)C(=O)O
DB00539,CN(C)CCOC1=CC=C(C=C1)C(=C(CCCl)C2=CC=CC=C2)C3=CC=CC=C3
DB00540,CNCCC=C1C2=CC=CC=C2CCC3=CC=CC=C31
DB00541,CCC1(CC2CC(C3=C(CCN(C2)C1)C4=CC=CC=C4N3)(C5=C(C=C6C(=C5)C78CCN9C7C(C=CC9)(C(C(C8N6C=O)(C(=O)OC)O)OC(=O)C)CC)OC)C(=O)OC)O
DB00543,C1CN(CCN1)C2=NC3=CC=CC=C3OC4=C2C=C(C=C4)Cl
DB00545,C[N+]1=CC=CC(=C1)OC(=O)N(C)C
DB00546,CN(C)CC1=NN=C2N1C3=C(C=C(C=C3)Cl)C(=NC2)C4=CC=CC=C4
DB00548,C(CCCC(=O)O)CCCC(=O)O
DB00549,CC1=CC=CC=C1S(=O)(=O)NC(=O)C2=CC(=C(C=C2)CC3=CN(C4=C3C=C(C=C4)NC(=O)OC5CCCC5)C)OC
DB00553,COC1=C2C(=CC3=C1OC=C3)C=CC(=O)O2
DB00554,CN1C(=C(C2=CC=CC=C2S1(=O)=O)O)C(=O)NC3=CC=CC=N3
DB00558,CC(=O)NC1C(C=C(OC1C(C(CO)O)O)C(=O)O)N=C(N)N
DB00559,CC(C)(C)C1=CC=C(C=C1)S(=O)(=O)NC2=C(C(=NC(=N2)C3=NC=CC=N3)OCCO)OC4=CC=CC=C4OC
DB00561,CCN1CC(C(C1=O)(C2=CC=CC=C2)C3=CC=CC=C3)CCN4CCOCC4
DB00563,CN(CC1=CN=C2C(=N1)C(=NC(=N2)N)N)C3=CC=C(C=C3)C(=O)NC(CCC(=O)O)C(=O)O
DB00568,C1CN(CCN1CC=CC2=CC=CC=C2)C(C3=CC=CC=C3)C4=CC=CC=C4
DB00570,CCC1(CC2CC(C3=C(CCN(C2)C1)C4=CC=CC=C4N3)(C5=C(C=C6C(=C5)C78CCN9C7C(C=CC9)(C(C(C8N6C)(C(=O)OC)O)OC(=O)C)CC)OC)C(=O)OC)O
DB00571,CC(C)NCC(COC1=CC=CC2=CC=CC=C21)O
DB00572,CN1C2CCC1CC(C2)OC(=O)C(CO)C3=CC=CC=C3
DB00573,CC(C1=CC(=CC=C1)OC2=CC=CC=C2)C(=O)O
DB00575,C1CN=C(N1)NC2=C(C=CC=C2Cl)Cl
DB00579,C1CN2C(=N1)C3=CC=CC=C3C2(C4=CC=C(C=C4)Cl)O
DB00580,CC1=C(C(=NO1)C2=CC=CC=C2)C3=CC=C(C=C3)S(=O)(=O)N
DB00582,CC(C1=NC=NC=C1F)C(CN2C=NC=N2)(C3=C(C=C(C=C3)F)F)O
DB00586,C1=CC=C(C(=C1)CC(=O)O)NC2=C(C=CC=C2Cl)Cl
DB00588,CCC(=O)OC1(C(CC2C1(CC(C3(C2CC(C4=CC(=O)C=CC43C)F)F)O)C)C)C(=O)SCF
DB00589,CCN(CC)C(=O)NC1CN(C2CC3=CNC4=CC=CC(=C34)C2=C1)C
DB00590,COC1=C(C=C2C(=C1)C(=NC(=N2)N3CCN(CC3)C(=O)C4COC5=CC=CC=C5O4)N)OC
DB00594,C1(=C(N=C(C(=N1)Cl)N)N)C(=O)N=C(N)N
DB00598,CC(CCC1=CC=CC=C1)NCC(C2=CC(=C(C=C2)O)C(=O)N)O
DB00599,CCCC(C)C1(C(=O)NC(=S)NC1=O)CC
DB00602,CCC(C)C1C(CCC2(O1)CC3CC(O2)CC=C(C(C(C=CC=C4COC5C4(C(C=C(C5O)C)C(=O)O3)O)C)OC6CC(C(C(O6)C)OC7CC(C(C(O7)C)O)OC)OC)C)C.CC1CCC2(CC3CC(O2)CC=C(C(C(C=CC=C4COC5C4(C(C=C(C5O)C)C(=O)O3)O)C)OC6CC(C(C(O6)C)OC7CC(C(C(O7)C)O)OC)OC)C)OC1C(C)C
DB00604,COC1CN(CCC1NC(=O)C2=CC(=C(C=C2OC)N)Cl)CCCOC3=CC=C(C=C3)F
DB00605,CC1=C(C2=C(C1=CC3=CC=C(C=C3)S(=O)C)C=CC(=C2)F)CC(=O)O
DB00606,C1C2CC(C1C=C2)C3NC4=CC(=C(C=C4S(=O)(=O)N3)S(=O)(=O)N)Cl
DB00608,CCN(CC)CCCC(C)NC1=C2C=CC(=CC2=NC=C1)Cl
DB00611,C1CCC2(C3CC4=C(C2(C1)CCN3CC5CCC5)C=C(C=C4)O)O
DB00612,CC(C)NCC(COC1=CC=C(C=C1)COCCOC(C)C)O
DB00613,CCN(CC)CC1=C(C=CC(=C1)NC2=C3C=CC(=CC3=NC=C2)Cl)O
DB00615,CC1C=CC=C(C(=O)N=C2C(=C3C(=C4C2=NC5(N4)CCN(CC5)CC(C)C)C6=C(C(=C3O)C)OC(C6=O)(OC=CC(C(C(C(C(C(C1O)C)O)C)OC(=O)C)C)OC)C)O)C
DB00619,CC1=C(C=C(C=C1)NC(=O)C2=CC=C(C=C2)CN3CCN(CC3)C)NC4=NC=CC(=N4)C5=CN=CC=C5
DB00622,CC1=C(C(C(=C(N1)C)C(=O)OCCN(C)CC2=CC=CC=C2)C3=CC(=CC=C3)[N+](=O)[O-])C(=O)OC
DB00623,C1CN(CCN1CCCN2C3=CC=CC=C3SC4=C2C=C(C=C4)C(F)(F)F)CCO
DB00624,CC12CCC3C(C1CCC2O)CCC4=CC(=O)CCC34C
DB00626,CCC(C)C1C(=O)NC(C(=O)NC(C(=O)NC(C(=O)NC(C(=O)NCCCCC(C(=O)NC(C(=O)N1)CCCN)NC(=O)C(C(C)CC)NC(=O)C(CCC(=O)O)NC(=O)C(CC(C)C)NC(=O)C2CSC(=N2)C(C(C)CC)N)CC(=O)N)CC(=O)O)CC3=CN=CN3)CC4=CC=CC=C4
DB00627,C1=CC(=CN=C1)C(=O)O
DB00630,C(CC(O)(P(=O)(O)O)P(=O)(O)O)CN
DB00631,C1=NC2=C(N=C(N=C2N1C3C(C(C(O3)CO)O)F)Cl)N
DB00633,CC1=C(C(=CC=C1)C(C)C2=CN=CN2)C
DB00637,COC1=CC=C(C=C1)CCN2CCC(CC2)NC3=NC4=CC=CC=C4N3CC5=CC=C(C=C5)F
DB00640,C1=NC(=C2C(=N1)N(C=N2)C3C(C(C(O3)CO)O)O)N
DB00641,CCC(C)(C)C(=O)OC1CC(C=C2C1C(C(C=C2)C)CCC3CC(CC(=O)O3)O)C
DB00642,C1=CC(=CC=C1CCC2=CNC3=C2C(=O)NC(=N3)N)C(=O)NC(CCC(=O)O)C(=O)O
DB00643,COC(=O)NC1=NC2=C(N1)C=C(C=C2)C(=O)C3=CC=CC=C3
DB00647,CCC(=O)OC(CC1=CC=CC=C1)(C2=CC=CC=C2)C(C)CN(C)C
DB00651,CN1C2=C(C(=O)N(C1=O)C)N(C=N2)CC(CO)O
DB00652,CC1C2CC3=C(C1(CCN2CC=C(C)C)C)C=C(C=C3)O
DB00653,[O-]S(=O)(=O)[O-].[Mg+2]
DB00655,CC12CCC3C(C1CCC2=O)CCC4=C3C=CC(=C4)O
DB00656,C1CN(CCN1CCCN2C(=O)N3C=CC=CC3=N2)C4=CC(=CC=C4)Cl
DB00659,CC(=O)NCCCS(=O)(=O)O
DB00661,CC(C)C(CCCN(C)CCC1=CC(=C(C=C1)OC)OC)(C#N)C2=CC(=C(C=C2)OC)OC
DB05381,NCCC1=CNC=N1
DB00668,CNCC(C1=CC(=C(C=C1)O)O)O
DB00669,CNS(=O)(=O)CC1=CC2=C(C=C1)NC=C2CCN(C)C
DB00670,CN1CCN(CC1)CC(=O)N2C3=CC=CC=C3C(=O)NC4=C2N=CC=C4
DB00673,CC(C1=CC(=CC(=C1)C(F)(F)F)C(F)(F)F)OC2C(N(CCO2)CC3=NNC(=O)N3)C4=CC=C(C=C4)F
DB00674,CN1CCC23C=CC(CC2OC4=C(C=CC(=C34)C1)OC)O
DB00675,CCC(=C(C1=CC=CC=C1)C2=CC=C(C=C2)OCCN(C)C)C3=CC=CC=C3
DB00679,CN1CCCCC1CCN2C3=CC=CC=C3SC4=C2C=C(C=C4)SC
DB00682,CC(=O)CC(C1=CC=CC=C1)C2=C(C3=CC=CC=C3OC2=O)O
DB00683,CC1=NC=C2N1C3=C(C=C(C=C3)Cl)C(=NC2)C4=CC=CC=C4F
DB00685,C1C2C(C2N)CN1C3=C(C=C4C(=O)C(=CN(C4=N3)C5=C(C=C(C=C5)F)F)C(=O)O)F
DB00687,CC12CCC(=O)C=C1CCC3C2(C(CC4(C3CCC4(C(=O)CO)O)C)O)F
DB00690,CCN(CC)CCN1C(=O)CN=C(C2=C1C=CC(=C2)Cl)C3=CC=CC=C3F
DB00691,CCOC(=O)C(CCC1=CC=CC=C1)NC(C)C(=O)N2CC3=CC(=C(C=C3CC2C(=O)O)OC)OC
DB00692,CC1=CC=C(C=C1)N(CC2=NCCN2)C3=CC(=CC=C3)O
DB00694,CC1C(C(CC(O1)OC2CC(CC3=C2C(=C4C(=C3O)C(=O)C5=C(C4=O)C(=CC=C5)OC)O)(C(=O)C)O)N)O
DB00695,C1=COC(=C1)CNC2=CC(=C(C=C2C(=O)O)S(=O)(=O)N)Cl
DB00696,CC1(C(=O)N2C(C(=O)N3CCCC3C2(O1)O)CC4=CC=CC=C4)NC(=O)C5CN(C6CC7=CNC8=CC=CC(=C78)C6=C5)C
DB00697,C1CN=C(N1)NC2=C(C=CC3=NSN=C32)Cl
DB00701,CC(C)CN(CC(C(CC1=CC=CC=C1)NC(=O)OC2CCOC2)O)S(=O)(=O)C3=CC=C(C=C3)N
DB00703,CC(=O)N=C1N(N=C(S1)S(=O)(=O)N)C
DB00704,C1CC1CN2CCC34C5C(=O)CCC3(C2CC6=C4C(=C(C=C6)O)O5)O
DB00706,CCOC1=CC=CC=C1OCCNC(C)CC2=CC(=C(C=C2)OC)S(=O)(=O)N
DB00708,CCC(=O)N(C1=CC=CC=C1)C2(CCN(CC2)CCC3=CC=CS3)COC
DB00711,CCN(CC)C(=O)N1CCN(CC1)C
DB00712,CC(C1=CC(=C(C=C1)C2=CC=CC=C2)F)C(=O)O
DB00714,CN1CCC2=C3C1CC4=C(C3=CC=C2)C(=C(C=C4)O)O
DB00715,C1CNCC(C1C2=CC=C(C=C2)F)COC3=CC4=C(C=C3)OCO4
DB00716,CCCC1=C2C(=CC3=C1OC(=CC3=O)C(=O)O)C(=O)C=C(N2CC)C(=O)O
DB00717,CC12CCC3C(C1CCC2(C#C)O)CCC4=CC(=O)CCC34
DB00721,CCN(CC)CCOC(=O)C1=CC=C(C=C1)N
DB00722,C1CC(N(C1)C(=O)C(CCCCN)NC(CCC2=CC=CC=C2)C(=O)O)C(=O)O
DB00723,CC(C(C1=C(C=CC(=C1)OC)OC)O)N
DB00724,CC(C)CN1C=NC2=C1C3=CC=CC=C3N=C2N
DB00726,CC(CN1C2=CC=CC=C2CCC3=CC=CC=C31)CN(C)C
DB00731,CC(C)C1CCC(CC1)C(=O)NC(CC2=CC=CC=C2)C(=O)O
DB00733,C[N+]1=CC=CC=C1C=NO
DB00734,CC1=C(C(=O)N2CCCCC2=N1)CCN3CCC(CC3)C4=NOC5=C4C=CC(=C5)F
DB00741,CC12CCC(=O)C=C1CCC3C2C(CC4(C3CCC4(C(=O)CO)O)C)O
DB00747,CN1C2CC(CC1C3C2O3)OC(=O)C(CO)C4=CC=CC=C4
DB00749,CCC1=C2C(=CC=C1)C3=C(N2)C(OCC3)(CC)CC(=O)O
DB00751,C1C2C3=CC=CC=C3CC4=CC=CC=C4N2C(=N1)N
DB00752,C1C(C1N)C2=CC=CC=C2
DB00753,C(C(F)(F)F)(OC(F)F)Cl
DB00755,CC1=C(C(CCC1)(C)C)C=CC(=CC=CC(=CC(=O)O)C)C
DB00756,C1=C(C(=C(C(=C1Cl)Cl)CC2=C(C(=CC(=C2Cl)Cl)Cl)O)O)Cl
DB00758,COC(=O)C(C1=CC=CC=C1Cl)N2CCC3=C(C2)C=CS3
DB00762,CCC1=C2CN3C(=CC4=C(C3=O)COC(=O)C4(CC)O)C2=NC5=C1C=C(C=C5)OC(=O)N6CCC(CC6)N7CCCCC7
DB00768,CN(C)CCC=C1C2=CC=CC=C2COC3=C1C=C(C=C3)CC(=O)O
DB00773,CC1OCC2C(O1)C(C(C(O2)OC3C4COC(=O)C4C(C5=CC6=C(C=C35)OCO6)C7=CC(=C(C(=C7)OC)O)OC)O)O
DB00774,C1NC2=C(C=C(C(=C2)C(F)(F)F)S(=O)(=O)N)S(=O)(=O)N1
DB00775,CCCCS(=O)(=O)NC(CC1=CC=C(C=C1)OCCCCC2CCNCC2)C(=O)O
DB00777,CCC(=O)C1=CC2=C(C=C1)SC3=CC=CC=C3N2CC(C)N(C)C
DB00780,C1=CC=C(C=C1)CCNN
DB00783,CC12CCC3C(C1CCC2O)CCC4=C3C=CC(=C4)O
DB00784,CC1=C(C(=CC=C1)NC2=CC=CC=C2C(=O)O)C
DB00788,CC(C1=CC2=C(C=C1)C=C(C=C2)OC)C(=O)O
DB00794,CCC1(C(=O)NCNC1=O)C2=CC=CC=C2
DB00795,C1=CC=NC(=C1)NS(=O)(=O)C2=CC=C(C=C2)N=NC3=CC(=C(C=C3)O)C(=O)O
DB00797,C1CN=C(N1)CC2=CC=CC=C2
DB00799,CCOC(=O)C1=CN=C(C=C1)C#CC2=CC3=C(C=C2)SCCC3(C)C
DB00800,C1CNCC(C2=CC(=C(C(=C21)Cl)O)O)C3=CC=C(C=C3)O
DB00801,C1C(=O)N(C2=C(C=C(C=C2)Cl)C(=N1)C3=CC=CC=C3)CC(F)(F)F
DB00804,CCN(CC)CCOC(=O)C1(CCCCC1)C2CCCCC2
DB00805,CC1=CC(=NN=C1NCCN2CCOCC2)C3=CC=CC=C3
DB00806,CC(=O)CCCCN1C(=O)C2=C(N=CN2C)N(C1=O)C
DB00808,CC1CC2=CC=CC=C2N1NC(=O)C3=CC(=C(C=C3)Cl)S(=O)(=O)N
DB00809,CCN(CC1=CC=NC=C1)C(=O)C(CO)C2=CC=CC=C2
DB00810,C1CCN(CC1)CCC(C2CC3CC2C=C3)(C4=CC=CC=C4)O
DB00811,C1=NC(=NN1C2C(C(C(O2)CO)O)O)C(=O)N
DB00812,CCCCC1C(=O)N(N(C1=O)C2=CC=CC=C2)C3=CC=CC=C3
DB00813,CCC(=O)N(C1CCN(CC1)CCC2=CC=CC=C2)C3=CC=CC=C3
DB00814,CC1=CN=C(S1)NC(=O)C2=C(C3=CC=CC=C3S(=O)(=O)N2C)O
DB00818,CC(C)C1=C(C(=CC=C1)C(C)C)O
DB00819,CC(=O)NC1=NN=C(S1)S(=O)(=O)N
DB00820,CN1CC(=O)N2C(C1=O)CC3=C(C2C4=CC5=C(C=C4)OCO5)NC6=CC=CC=C36
DB00822,CCN(CC)C(=S)SSC(=S)N(CC)CC
DB00823,CC(=O)OC1CCC2C3CCC4(C(C3CCC2=C1)CCC4(C#C)OC(=O)C)C
DB00829,CN1C(=O)CN=C(C2=C1C=CC(=C2)Cl)C3=CC=CC=C3
DB00831,CN1CCN(CC1)CCCN2C3=CC=CC=C3SC4=C2C=C(C=C4)C(F)(F)F
DB00834,CC#CC1(CCC2C1(CC(C3=C4CCC(=O)C=C4CCC23)C5=CC=C(C=C5)N(C)C)C)O
DB00835,CN(C)CCC(C1=CC=C(C=C1)Br)C2=CC=CC=N2
DB00836,CN(C)C(=O)C(CCN1CCC(CC1)(C2=CC=C(C=C2)Cl)O)(C3=CC=CC=C3)C4=CC=CC=C4
DB00837,C1=CC(=CC=C1C(=NCCCC(=O)N)C2=C(C=CC(=C2)F)O)Cl
DB00841,CC(CCC1=CC=C(C=C1)O)NCCC2=CC(=C(C=C2)O)O
DB00842,C1=CC=C(C=C1)C2=NC(C(=O)NC3=C2C=C(C=C3)Cl)O
DB00843,COC1=C(C=C2C(=C1)CC(C2=O)CC3CCN(CC3)CC4=CC=CC=C4)OC
DB00844,C1CC(C1)CN2CCC34C5C(CCC3(C2CC6=C4C(=C(C=C6)O)O5)O)O
DB00847,C(CS)N
DB00849,CCC1(C(=O)NC(=O)N(C1=O)C)C2=CC=CC=C2
DB00850,C1CN(CCN1CCCN2C3=CC=CC=C3SC4=C2C=C(C=C4)Cl)CCO
DB00851,CN(C)N=NC1=C(NC=N1)C(=O)N
DB00852,CC(C(C1=CC=CC=C1)O)NC
DB00860,CC12CC(C3C(C1CCC2(C(=O)CO)O)CCC4=CC(=O)C=CC34C)O
DB00861,C1=CC(=C(C=C1C2=C(C=C(C=C2)F)F)C(=O)O)O
DB00862,CCCC1=NC(=C2N1N=C(NC2=O)C3=C(C=CC(=C3)S(=O)(=O)N4CCN(CC4)CC)OCC)C
DB00866,CC(C)NCC(COC1=CC=CC=C1CC=C)O
DB00869,CCNC1CC(S(=O)(=O)C2=C1C=C(S2)S(=O)(=O)N)C
DB00870,CC(C1=CC=C(C=C1)C(=O)C2=CC=CS2)C(=O)O
DB00871,CC(C)(C)NCC(C1=CC(=CC(=C1)O)O)O
DB00872,CC1=NC2=C(N1)CCN(C3=CC=CC=C32)C(=O)C4=CC=C(C=C4)NC(=O)C5=CC=CC=C5C6=CC=CC=C6
DB00875,C1CN(CCN1CCC=C2C3=CC=CC=C3SC4=C2C=C(C=C4)C(F)(F)F)CCO
DB00877,CC1CCC2CC(C(=CC=CC=CC(CC(C(=O)C(C(C(=CC(C(=O)CC(OC(=O)C3CCCCN3C(=O)C(=O)C1(O2)O)C(C)CC4CCC(C(C4)OC)O)C)C)O)OC)C)C)C)OC
DB00878,C1=CC(=CC=C1NC(=NC(=NCCCCCCN=C(N)N=C(N)NC2=CC=C(C=C2)Cl)N)N)Cl
DB00880,C1=C2C(=CC(=C1Cl)S(=O)(=O)N)S(=O)(=O)N=CN2
DB00887,CCCCNC1=C(C(=CC(=C1)C(=O)O)S(=O)(=O)N)OC2=CC=CC=C2
DB00889,CN1C2CCCC1CC(C2)NC(=O)C3=NN(C4=CC=CC=C43)C
DB00897,CC1=NN=C2N1C3=C(C=C(C=C3)Cl)C(=NC2)C4=CC=CC=C4Cl
DB00898,CCO
DB00899,CCC(=O)N(C1=CC=CC=C1)C2(CCN(CC2)CCC(=O)OC)C(=O)OC
DB00903,CCC(=C)C(=O)C1=C(C(=C(C=C1)OCC(=O)O)Cl)Cl
DB00904,CC1=NC=CN1CC2CCC3=C(C2=O)C4=CC=CC=C4N3C
DB00905,CCNC(=O)CCCC=CCC1C(CC(C1C=CC(CCC2=CC=CC=C2)O)O)O
DB00907,CN1C2CCC1C(C(C2)OC(=O)C3=CC=CC=C3)C(=O)OC
DB00908,COC1=CC2=C(C=CN=C2C=C1)C(C3CC4CCN3CC4C=C)O
DB00909,C1=CC=C2C(=C1)C(=NO2)CS(=O)(=O)N
DB00912,CCOC1=C(C=CC(=C1)CC(=O)NC(CC(C)C)C2=CC=CC=C2N3CCCCC3)C(=O)O
DB00914,C1=CC=C(C=C1)CCN=C(N)N=C(N)N
DB00915,C1C2CC3CC1CC(C2)(C3)N
DB00917,CCCCCC(C=CC1C(CC(=O)C1CC=CCCCC(=O)O)O)O
DB00918,CN(C)CCC1=CNC2=C1C=C(C=C2)CS(=O)(=O)N3CCCC3
DB00920,CN1CCC(=C2C3=C(C(=O)CC4=CC=CC=C42)SC=C3)CC1
DB00921,CC(C)(C)C(C)(C1CC23CCC1(C4C25CCN(C3CC6=C5C(=C(C=C6)O)O4)CC7CC7)OC)O
DB00922,CC1CC(=O)NN=C1C2=CC=C(C=C2)NN=C(C#N)C#N
DB00925,CC(COC1=CC=CC=C1)N(CCCl)CC2=CC=CC=C2
DB00929,CCCCC(C)(CC=CC1C(CC(=O)C1CCCCCCC(=O)OC)O)O
DB00933,CN1CCCCC1CCN2C3=CC=CC=C3SC4=C2C=C(C=C4)S(=O)C
DB00934,CNCCCC12CCC(C3=CC=CC=C31)C4=CC=CC=C24
DB00935,CC1=CC(=C(C(=C1CC2=NCCN2)C)O)C(C)(C)C
DB00936,C1=CC=C(C(=C1)C(=O)O)O
DB00938,C1=CC=C(C=C1)CCCCOCCCCCCNCC(C2=CC(=C(C=C2)O)CO)O
DB00939,CC1=C(C(=C(C=C1)Cl)NC2=CC=CC=C2C(=O)O)Cl
DB00940,CC[N+](C)(CC)CCOC(=O)C1C2=CC=CC=C2OC3=CC=CC=C13
DB00944,CN(CCCCCCCCCCN(C)C(=O)OC1=CC=CC(=C1)[N+](C)(C)C)C(=O)OC2=CC=CC(=C2)[N+](C)(C)C
DB00945,CC(=O)OC1=CC=CC=C1C(=O)O
DB00949,C1=CC=C(C=C1)C(COC(=O)N)COC(=O)N
DB00951,C1=CN=CC=C1C(=O)NN
DB00952,CNS(=O)(=O)CCC1=CC2=C(C=C1)NC=C2C3CCN(CC3)C
DB00953,CN(C)CCC1=CNC2=C1C=C(C=C2)CN3C=NC=N3
DB00956,CN1CCC23C4C1CC5=C2C(=C(C=C5)OC)OC3C(=O)CC4
DB00960,CC(C)NCC(COC1=CC=CC2=C1C=CN2)O
DB00962,CCN(C1=CC=CC(=C1)C2=CC=NC3=C(C=NN23)C#N)C(=O)C
DB00963,C1=CC(=C(C(=C1)C(=O)C2=CC=C(C=C2)Br)N)CC(=O)O
DB00964,C1CN=C(N1)NC2=C(C=C(C=C2Cl)N)Cl
DB00966,CCCC1=NC2=C(N1CC3=CC=C(C=C3)C4=CC=CC=C4C(=O)O)C=C(C=C2C)C5=NC6=CC=CC=C6N5C
DB00969,CC1=C(N=CN1)CN2CCC3=C(C2=O)C4=CC=CC=C4N3C
DB00972,CN1CCCC(CC1)N2C(=O)C3=CC=CC=C3C(=N2)CC4=CC=C(C=C4)Cl
DB00973,C1=CC(=CC=C1C2C(C(=O)N2C3=CC=C(C=C3)F)CCC(C4=CC=C(C=C4)F)O)O
DB00975,C1CCN(CC1)C2=NC(=NC3=C2N=C(N=C3N4CCCCC4)N(CCO)CCO)N(CCO)CCO
DB00977,CC12CCC3C(C1CCC2(C#C)O)CCC4=C3C=CC(=C4)O
DB00978,CCN1C=C(C(=O)C2=CC(=C(C(=C21)F)N3CCNC(C3)C)F)C(=O)O
DB00980,CCC(=O)NCCC1CCC2=C1C3=C(C=C2)OCC3
DB00981,CC12CCN(C1N(C3=C2C=C(C=C3)OC(=O)NC)C)C
DB00983,CC(CC1=CC=C(C=C1)OC)NCC(C2=CC(=C(C=C2)O)NC=O)O
DB00986,C[N+]1(CCC(C1)OC(=O)C(C2CCCC2)(C3=CC=CC=C3)O)C
DB00988,C1=CC(=C(C=C1CCN)O)O
DB00989,CCN(C)C(=O)OC1=CC=CC(=C1)C(C)N(C)C
DB00991,C1=CC=C(C=C1)C2=C(OC(=N2)CCC(=O)O)C3=CC=CC=C3
DB00995,CC[PH+](CC)CC.CC(=O)OCC1C(C(C(C(O1)[S-])OC(=O)C)OC(=O)C)OC(=O)C.[Au]
DB00996,C1CCC(CC1)(CC(=O)O)CN
DB00997,CC1C(C(CC(O1)OC2CC(CC3=C2C(=C4C(=C3O)C(=O)C5=C(C4=O)C(=CC=C5)OC)O)(C(=O)CO)O)N)O
DB00998,CNC1CCC2=C(C1)C3=C(N2)C=CC(=C3)C(=O)N
DB00999,C1NC2=CC(=C(C=C2S(=O)(=O)N1)S(=O)(=O)N)Cl
DB01001,CC(C)(C)NCC(C1=CC(=C(C=C1)O)CO)O
DB01003,C1=CC2=C(C(=C1)OCC(COC3=CC=CC4=C3C(=O)C=C(O4)C(=O)O)O)C(=O)C=C(O2)C(=O)O
DB01006,C1=CC(=CC=C1C#N)C(C2=CC=C(C=C2)C#N)N3C=NC=N3
DB01009,CC(C1=CC(=CC=C1)C(=O)C2=CC=CC=C2)C(=O)O
DB01011,CC(C)(C1=CN=CC=C1)C(=O)C2=CN=CC=C2
DB01014,C1=CC(=CC=C1C(=O)NCCC(=O)O)N=NC2=CC(=C(C=C2)O)C(=O)O
DB01016,COC1=C(C=C(C=C1)Cl)C(=O)NCCC2=CC=C(C=C2)S(=O)(=O)NC(=O)NC3CCCCC3
DB01017,CN(C)C1C2CC3CC4=C(C=CC(=C4C(=C3C(=O)C2(C(=C(C1=O)C(=O)N)O)O)O)O)N(C)C
DB01018,C1=CC(=C(C(=C1)Cl)CC(=O)N=C(N)N)Cl
DB01019,CC(C[N+](C)(C)C)OC(=O)N
DB01021,C1=C2C(=CC(=C1Cl)S(=O)(=O)N)S(=O)(=O)NC(N2)C(Cl)Cl
DB01022,CC1=C(C(=O)C2=CC=CC=C2C1=O)CC=C(C)CCCC(C)CCCC(C)CCCC(C)C
DB01023,CCOC(=O)C1=C(NC(=C(C1C2=C(C(=CC=C2)Cl)Cl)C(=O)OC)C)C
DB01024,CC1=C2COC(=O)C2=C(C(=C1OC)CC=C(C)CCC(=O)O)O
DB01025,CC(C)C1=CC2=C(C=C1)OC3=NC(=C(C=C3C2=O)C(=O)O)N
DB01028,COC(C(Cl)Cl)(F)F
DB01029,CCCCC1=NC2(CCCC2)C(=O)N1CC3=CC=C(C=C3)C4=CC=CC=C4C5=NNN=N5
DB01030,CCC1(C2=C(COC1=O)C(=O)N3CC4=CC5=C(C=CC(=C5CN(C)C)O)N=C4C3=C2)O
DB01032,CCCN(CCC)S(=O)(=O)C1=CC=C(C=C1)C(=O)O
DB01035,CCN(CC)CCNC(=O)C1=CC=C(C=C1)N
DB01036,CC1=CC(=C(C=C1)O)C(CCN(C(C)C)C(C)C)C2=CC=CC=C2
DB01037,CC(CC1=CC=CC=C1)N(C)CC#C
DB01039,CC(C)OC(=O)C(C)(C)OC1=CC=C(C=C1)C(=O)C2=CC=C(C=C2)Cl
DB01041,C1CC(=O)NC(=O)C1N2C(=O)C3=CC=CC=C3C2=O
DB01043,CC12CC3CC(C1)(CC(C3)(C2)N)C
DB01049,CN1CCN(CC1)C2=C(C3=C([C@@H]2OC)N(C=C3)C)COS(=O)(=O)OC
DB01050,CC(C)CC1=CC=C(C=C1)C(C)C(=O)O
DB01054,CCOC(=O)C1=C(NC(=C(C1C2=CC(=CC=C2)[N+](=O)[O-])C(=O)OC)C)C
DB01059,CCN1C=C(C(=O)C2=CC(=C(C=C21)N3CCNCC3)F)C(=O)O
DB01062,CCN(CC)CC#CCOC(=O)C(C1CCCCC1)(C2=CC=CC=C2)O
DB01063,CC(=O)C1=CC2=C(C=C1)SC3=CC=CC=C3N2CCCN4CCN(CC4)CCO
DB01064,CC(C)NCC(C1=CC(=C(C=C1)O)O)O
DB01065,CC(=O)NCCC1=CNC2=C1C=C(C=C2)OC
DB01067,CC1=CN=C(C=N1)C(=O)NCCC2=CC=C(C=C2)S(=O)(=O)NC(=O)NC3CCCCC3
DB01068,C1C(=O)NC2=C(C=C(C=C2)[N+](=O)[O-])C(=N1)C3=CC=CC=C3Cl
DB01069,CC(CN1C2=CC=CC=C2SC3=CC=CC=C31)N(C)C
DB01071,C1CN2CCC1C(C2)CN3C4=CC=CC=C4SC5=CC=CC=C53
DB01073,C1=NC2=C(N=C(N=C2N1C3C(C(C(O3)CO)O)O)F)N
DB01074,C1CCC(CC1)C(CC2CCCCN2)C3CCCCC3
DB01075,CN(C)CCOC(C1=CC=CC=C1)C2=CC=CC=C2
DB01076,CC(C)C1=C(C(=C(N1CCC(CC(CC(=O)O)O)O)C2=CC=C(C=C2)F)C3=CC=CC=C3)C(=O)NC4=CC=CC=C4
DB01077,CC(O)(P(=O)(O)O)P(=O)(O)O
DB01079,CCCCCN=C(N)NN=CC1=CNC2=C1C=C(C=C2)OC
DB01080,C=CC(CCC(=O)O)N
DB01081,CCOC(=O)C1(CCN(CC1)CCC(C#N)(C2=CC=CC=C2)C3=CC=CC=C3)C4=CC=CC=C4
DB01083,CCCCCCCCCCCC(CC1C(C(=O)O1)CCCCCC)OC(=O)C(CC(C)C)NC=O
DB01085,CCC1C(COC1=O)CC2=CN=CN2C
DB01088,CC#CCC(C)C(C=CC1C(CC2C1CC(=CCCCC(=O)O)C2)O)O
DB01097,CC1=C(C=NO1)C(=O)NC2=CC=C(C=C2)C(F)(F)F
DB01098,CC(C)C1=NC(=NC(=C1C=CC(CC(CC(=O)O)O)O)C2=CC=C(C=C2)F)N(C)S(=O)(=O)C
DB01099,C1=NC(=O)NC(=C1F)N
DB01100,C1CN(CCC1N2C3=CC=CC=C3NC2=O)CCCC(C4=CC=C(C=C4)F)C5=CC=C(C=C5)F
DB01102,C1=CC(=CC=C1CCCCNCC(C2=CC(=C(C=C2)O)O)O)O
DB01103,CCN(CC)CCCC(C)NC1=C2C=C(C=CC2=NC3=C1C=CC(=C3)Cl)OC
DB01106,CC1CN(CCC1(C2=CC=CC=C2)C(=O)O)C3CCC(CC3)(C#N)C4=CC=C(C=C4)F
DB01108,CC12CCC3C(C1CCC2O)CCC45C3(CC(=C(C4O5)O)C#N)C
DB01110,C1=CC(=C(C=C1Cl)Cl)COC(CN2C=CN=C2)C3=C(C=C(C=C3)Cl)Cl
DB01113,COC1=C(C=C(C=C1)CC2=NC=CC3=CC(=C(C=C32)OC)OC)OC
DB01114,CN(C)CCC(C1=CC=C(C=C1)Cl)C2=CC=CC=N2
DB01115,CC1=C(C(C(=C(N1)C)C(=O)OC)C2=CC=CC=C2[N+](=O)[O-])C(=O)OC
DB01118,CCCCC1=C(C2=CC=CC=C2O1)C(=O)C3=CC(=C(C(=C3)I)OCCN(CC)CC)I
DB01119,CC1=NS(=O)(=O)C2=C(N1)C=CC(=C2)Cl
DB01120,CC1=CC=C(C=C1)S(=O)(=O)NC(=O)NN2CC3CCCC3C2
DB01124,CCCCNC(=O)NS(=O)(=O)C1=CC=C(C=C1)C
DB01126,CC12CCC3C(C1CCC2C(=O)NC4=C(C=CC(=C4)C(F)(F)F)C(F)(F)F)CCC5C3(C=CC(=O)N5)C
DB01127,C1=CC(=CC=C1COC(CN2C=CN=C2)C3=C(C=C(C=C3)Cl)Cl)Cl
DB01128,CC(CS(=O)(=O)C1=CC=C(C=C1)F)(C(=O)NC2=CC(=C(C=C2)C#N)C(F)(F)F)O
DB01132,CCC1=CN=C(C=C1)CCOC2=CC=C(C=C2)CC3C(=O)NC(=O)S3
DB01133,C1=CC(=CC=C1SC(P(=O)(O)O)P(=O)(O)O)Cl
DB01135,C[N+]1(CCC2=CC(=C(C(=C2C1CC3=CC(=C(C(=C3)OC)OC)OC)OC)OC)OC)CCCOC(=O)CCC(=O)OCCC[N+]4(CCC5=CC(=C(C(=C5C4CC6=CC(=C(C(=C6)OC)OC)OC)OC)OC)OC)C
DB01136,COC1=CC=CC=C1OCCNCC(COC2=CC=CC3=C2C4=CC=CC=C4N3)O
DB01137,CC1COC2=C3N1C=C(C(=O)C3=CC(=C2N4CCN(CC4)C)F)C(=O)O
DB01138,C1=CC=C(C=C1)N2C(=O)C(C(=O)N2C3=CC=CC=C3)CCS(=O)C4=CC=CC=C4
DB01140,CC1=C(N2C(C(C2=O)NC(=O)C(C3=CC=C(C=C3)O)N)SC1)C(=O)O
DB01142,CN(C)CCC=C1C2=CC=CC=C2COC3=CC=CC=C31
DB01143,C(CN)CNCCSP(=O)(O)O
DB01144,C1=C(C=C(C(=C1S(=O)(=O)N)Cl)Cl)S(=O)(=O)N
DB01148,CC1=C(OC2=C(C1=O)C=CC=C2C(=O)OCCN3CCCCC3)C4=CC=CC=C4
DB01149,CCC1=NN(C(=O)N1CCOC2=CC=CC=C2)CCCN3CCN(CC3)C4=CC(=CC=C4)Cl
DB01151,CNCCCN1C2=CC=CC=C2CCC3=CC=CC=C31
DB01156,CC(C(=O)C1=CC(=CC=C1)Cl)NC(C)(C)C
DB01159,C(C(F)(F)F)(Cl)Br
DB01161,CCN(CC)CCOC(=O)C1=C(C=C(C=C1)N)Cl
DB01162,COC1=C(C=C2C(=C1)C(=NC(=N2)N3CCN(CC3)C(=O)C4CCCO4)N)OC
DB01165,CC1COC2=C3N1C=C(C(=O)C3=CC(=C2N4CCN(CC4)C)F)C(=O)O
DB01166,C1CCC(CC1)N2C(=NN=N2)CCCCOC3=CC4=C(C=C3)NC(=O)CC4
DB01169,O=[As]O[As]=O
DB01171,C1COCCN1CCNC(=O)C2=CC=C(C=C2)Cl
DB01174,CCC1(C(=O)NC(=O)NC1=O)C2=CC=CC=C2
DB01175,CN(C)CCCC1(C2=C(CO1)C=C(C=C2)C#N)C3=CC=C(C=C3)F
DB01176,CN1CCN(CC1)C(C2=CC=CC=C2)C3=CC=CC=C3
DB01179,COC1=CC(=CC(=C1OC)OC)C2C3C(COC3=O)C(C4=CC5=C(C=C24)OCO5)O
DB01182,CCCNCC(COC1=CC=CC=C1C(=O)CCC2=CC=CC=C2)O
DB01183,C=CCN1CCC23C4C(=O)CCC2(C1CC5=C3C(=C(C=C5)O)O4)O
DB01184,C1CN(CCC1N2C3=C(C=C(C=C3)Cl)NC2=O)CCCN4C5=CC=CC=C5NC4=O
DB01185,CC12CCC(=O)C=C1CCC3C2(C(CC4(C3CCC4(C)O)C)O)F
DB01186,CCCN1CC(CC2C1CC3=CNC4=CC=CC2=C34)CSC
DB01189,C(C(F)(F)F)(OC(F)F)F
DB01191,CCNC(C)CC1=CC(=CC=C1)C(F)(F)F
DB01193,CCCC(=O)NC1=CC(=C(C=C1)OCC(CNC(C)C)O)C(=O)C
DB01194,CCNC1CN(S(=O)(=O)C2=C1C=C(S2)S(=O)(=O)N)CCCOC
DB01195,C1CCNC(C1)CNC(=O)C2=C(C=CC(=C2)OCC(F)(F)F)OCC(F)(F)F
DB01196,CC12CCC3C(C1CCC2O)CCC4=C3C=CC(=C4)OC(=O)N(CCCl)CCCl
DB01197,CC(CS)C(=O)N1CCCC1C(=O)O
DB01198,CN1CCN(CC1)C(=O)OC2C3=NC=CN=C3C(=O)N2C4=NC=C(C=C4)Cl
DB01199,CN1CCC2=CC(=C3C=C2C1CC4=CC=C(C=C4)OC5=C6C(CC7=CC(=C(C=C7)O)O3)[N+](CCC6=CC(=C5O)OC)(C)C)OC
DB01200,CC(C)CC1C(=O)N2CCCC2C3(N1C(=O)C(O3)(C(C)C)NC(=O)C4CN(C5CC6=C(NC7=CC=CC(=C67)C5=C4)Br)C)O
DB01202,CCC(C(=O)N)N1CCCC1=O
DB01203,CC(C)(C)NCC(COC1=CC=CC2=C1CC(C(C2)O)O)O
DB01204,C1=CC(=C2C(=C1NCCNCCO)C(=O)C3=C(C=CC(=C3C2=O)O)O)NCCNCCO
DB01205,CCOC(=O)C1=C2CN(C(=O)C3=C(N2C=N1)C=CC(=C3)F)C
DB01208,CC1CN(CC(N1)C)C2=C(C(=C3C(=C2F)N(C=C(C3=O)C(=O)O)C4CC4)N)F
DB01209,CC12CCCCCC(C1N)CC3=C2C=C(C=C3)O
DB01210,CC(C)(C)NCC(COC1=CC=CC2=C1CCCC2=O)O
DB01212,CN1C(=NC(=O)C(=O)N1)SCC2=C(N3C(C(C3=O)NC(=O)C(=NOC)C4=CSC(=N4)N)SC2)C(=O)O
DB01213,CC1=CNN=C1
DB01214,CC1=CC(=C(C(=C1OC(=O)C)C)C)OCC(CNC(C)C)O
DB01215,C1C2=NN=CN2C3=C(C=C(C=C3)Cl)C(=N1)C4=CC=CC=C4
DB01216,CC12CCC3C(C1CCC2C(=O)NC(C)(C)C)CCC4C3(C=CC(=O)N4)C
DB01221,CNC1(CCCCC1=O)C2=CC=CC=C2Cl
DB01223,CN1C2=C(C(=O)N(C1=O)C)NC=N2.CN1C2=C(C(=O)N(C1=O)C)NC=N2.C(CN)N
DB01224,C1CN(CCN1CCOCCO)C2=NC3=CC=CC=C3SC4=CC=CC=C42
DB01225,CC(C)CC1C(C(S1)(C)O)OC2C(OC(C(C2O)O)CO)O[C@@H]3[C@@H]([C@@H]([C@@H]([C@H](O3)C[O-])O[C@@H]4[C@@H]([C@@H]([C@@H](CO4)O)O)OS(=O)(=O)C5CC6CCC(C(C6)C5)N)N)O
DB01227,CCC(C(CC(C)N(C)C)(C1=CC=CC=C1)C2=CC=CC=C2)OC(=O)C
DB01229,CC1=C2C(C(=O)C3(C(CC4C(C3C(C(C2(C)C)(CC1OC(=O)C(C(C5=CC=CC=C5)NC(=O)C6=CC=CC=C6)O)O)OC(=O)C7=CC=CC=C7)(CO4)OC(=O)C)O)C)OC(=O)C
DB01233,CCN(CC)CCNC(=O)C1=CC(=C(C=C1OC)N)Cl
DB01234,CC1CC2C3CCC4=CC(=O)C=CC4(C3(C(CC2(C1(C(=O)CO)O)C)O)F)C
DB01235,C1=CC(=C(C=C1CC(C(=O)O)N)O)O
DB01236,C(OC(C(F)(F)F)C(F)(F)F)F
DB01238,C1CC(=O)NC2=C1C=CC(=C2)OCCCCN3CCN(CC3)C4=C(C(=CC=C4)Cl)Cl
DB01239,CN(C)CCC=C1C2=CC=CC=C2SC3=C1C=C(C=C3)Cl
DB01240,CCCCCC(C=CC1C(CC2C1CC(=CCCCC(=O)O)O2)O)O
DB01241,CC1=CC(=C(C=C1)C)OCCCC(C)(C)C(=O)O
DB01242,CN(C)CCCN1C2=CC=CC=C2CCC3=C1C=C(C=C3)Cl
DB01244,CC(C)COCC(CN(CC1=CC=CC=C1)C2=CC=CC=C2)N3CCCC3
DB01247,CC1=CC(=NO1)C(=O)NNCC2=CC=CC=C2
DB01248,CC1=C2C(C(=O)C3(C(CC4C(C3C(C(C2(C)C)(CC1OC(=O)C(C(C5=CC=CC=C5)NC(=O)OC(C)(C)C)O)O)OC(=O)C6=CC=CC=C6)(CO4)OC(=O)C)O)C)O
DB01250,C1=CC(=C(C=C1N=NC2=CC(=C(C=C2)O)C(=O)O)C(=O)O)O
DB01251,CC1(C2=C(C=C(C=C2)OC)C(=O)N(C1=O)CCC3=CC=C(C=C3)S(=O)(=O)NC(=O)NC4CCCCC4)C
DB01252,C1CCC2CN(CC2C1)C(=O)CC(CC3=CC=CC=C3)C(=O)O
DB01254,CC1=C(C(=CC=C1)Cl)NC(=O)C2=CN=C(S2)NC3=CC(=NC(=N3)C)N4CCN(CC4)CCO
DB01259,CS(=O)(=O)CCNCC1=CC=C(O1)C2=CC3=C(C=C2)N=CN=C3NC4=CC(=C(C=C4)OCC5=CC(=CC=C5)F)Cl
DB01267,CC1=C(C(=O)N2CCCC(C2=N1)O)CCN3CCC(CC3)C4=NOC5=C4C=CC(=C5)F
DB01268,CCN(CC)CCNC(=O)C1=C(NC(=C1C)C=C2C3=C(C=CC(=C3)F)NC2=O)C
DB01273,C1C2CNCC1C3=CC4=NC=CN=C4C=C23
DB01275,C1=CC=C2C(=C1)C=NN=C2NN
DB01283,CC1=CC(=C(C=C1)NC2=C(C=CC=C2Cl)F)CC(=O)O
DB01288,CC(CC1=CC=C(C=C1)O)NCC(C2=CC(=CC(=C2)O)O)O
DB01289,CC1=CC(=NO1)C(=O)NCCC2=CC=C(C=C2)S(=O)(=O)NC(=O)NN3CCCCCC3
DB01291,CC(C)(C)NCC(C1=NC(=C(C=C1)O)CO)O
DB01295,CC1=CC(=CC=C1)OCC(CNCCC2=CC(=C(C=C2)OC)OC)O
DB01296,C(C1C(C(C(C(O1)O)N)O)O)O
DB01303,CN1C(=C2C(=NC=N2)N(C1=O)C)[O-].C[N+](C)(C)CCO
DB01325,CCC1NC2=CC(=C(C=C2C(=O)N1)S(=O)(=O)N)Cl
DB01326,CN1C(=NN=N1)SCC2=C(N3C(C(C3=O)NC(=O)C(C4=CC=CC=C4)O)SC2)C(=O)O
DB01327,CC1=NN=C(S1)SCC2=C(N3C(C(C3=O)NC(=O)CN4C=NN=N4)SC2)C(=O)O
DB01336,C[N+]1(CCC2=CC(=C3C=C2C1CC4=CC=C(C=C4)OC5=C6C(CC7=CC(=C(C=C7)OC)O3)[N+](CCC6=CC(=C5OC)OC)(C)C)OC)C
DB01337,CC(=O)OC1CC2CCC3C(C2(CC1[N+]4(CCCCC4)C)C)CCC5(C3CC(C5OC(=O)C)[N+]6(CCCCC6)C)C
DB01339,CC(=O)OC1CC2CCC3C(C2(CC1N4CCCCC4)C)CCC5(C3CC(C5OC(=O)C)[N+]6(CCCCC6)C)C
DB01349,CC1=C2CCC(=O)N(C2=NC(=N1)C)CC3=CC=C(C=C3)C4=CC=CC=C4C5=NNN=N5
DB01351,CCC1(C(=O)NC(=O)NC1=O)CCC(C)C
DB01352,CC(C)C1(C(=O)NC(=O)NC1=O)CC=C
DB01353,CCCCC1(C(=O)NC(=O)NC1=O)CC
DB01354,CCC1(C(=O)NC(=O)NC1=O)C2=CCCCCC2
DB01355,CC1(C(=O)NC(=O)N(C1=O)C)C2=CCCCC2
DB01356,[Li+]
DB01359,CC(C)(C)NCC(COC1=CC=CC=C1C2CCCC2)O
DB01364,CC(C(C1=CC=CC=C1)O)NC
DB01367,C#CCNC1CCC2=CC=CC=C12
DB01382,COCCOC1=CN=C(N=C1)NS(=O)(=O)C2=CC=CC=C2
DB01392,COC(=O)C1C(CCC2C1CC3C4=C(CCN3C2)C5=CC=CC=C5N4)O
DB01393,CC(C)(C(=O)O)OC1=CC=C(C=C1)CCNC(=O)C2=CC=C(C=C2)Cl
DB01394,CC(=O)NC1CCC2=CC(=C(C(=C2C3=CC=C(C(=O)C=C13)OC)OC)OC)OC
DB01399,C1=CC=C(C(=C1)C(=O)OC2=CC=CC=C2C(=O)O)O
DB01400,CN(C)C(=O)OC1=CC=CC(=C1)[N+](C)(C)C
DB01403,CC(CN1C2=CC=CC=C2SC3=C1C=C(C=C3)OC)CN(C)C
DB01406,CC12CCC3C(C1CCC2(C#C)O)CCC4=CC5=C(CC34C)C=NO5
DB01407,CC(C)(C)NCC(C1=CC(=C(C(=C1)Cl)N)Cl)O
DB01411,C1=CC=C(C=C1)CCCCOC2=CC=C(C=C2)C(=O)NC3=CC=CC4=C3OC(=CC4=O)C5=NNN=N5
DB01412,CN1C=NC2=C1C(=O)NC(=O)N2C
DB01427,C1=CN=CC=C1C2=CNC(=O)C(=C2)N
DB01429,CCN(CC)CCCN(C1CC2=CC=CC=C2C1)C3=CC=CC=C3
DB01431,CC12CCC3C(C1CCC2(CC=C)O)CCC4=CCCCC34
DB01435,CC1=CC(=O)N(N1C)C2=CC=CC=C2
DB01452,CC(=O)OC1C=CC2C3CC4=C5C2(C1OC5=C(C=C4)OC(=O)C)CCN3C
DB01544,CN1C(=O)CN=C(C2=C1C=CC(=C2)[N+](=O)[O-])C3=CC=CC=C3F
DB01558,C1C(=O)NC2=C(C=C(C=C2)Br)C(=N1)C3=CC=CC=N3
DB01559,CCC1=CC2=C(S1)N(C(=O)CN=C2C3=CC=CC=C3Cl)C
DB01567,CN1C(=O)CN=C(C2=C1C=CC(=C2)Cl)C3=CC=CC=C3F
DB01580,CC(C)NCC(COC1=CC=CC=C1OCC=C)O
DB01586,CC(CCC(=O)O)C1CCC2C1(CCC3C2C(CC4C3(CCC(C4)O)C)O)C
DB01587,CC1=CC(=O)N2CC(=O)N(C3=C(C2(O1)C4=CC=CC=C4)C=C(C=C3)Cl)C
DB01588,C1CC1CN2C(=O)CN=C(C3=C2C=CC(=C3)Cl)C4=CC=CC=C4
DB01589,C1C(=S)N(C2=C(C=C(C=C2)Cl)C(=N1)C3=CC=CC=C3F)CC(F)(F)F
DB01591,C1CN2CCC1C(C2)OC(=O)N3CCC4=CC=CC=C4C3C5=CC=CC=C5
DB01594,C1=CC=C(C(=C1)C2=NC(C(=O)N(C3=C2C=C(C=C3)Cl)CCC#N)O)F
DB01595,C1C(=O)NC2=C(C=C(C=C2)[N+](=O)[O-])C(=N1)C3=CC=CC=C3
DB01599,CC(C)(C)C1=CC(=CC(=C1O)C(C)(C)C)SC(C)(C)SC2=CC(=C(C(=C2)C(C)(C)C)O)C(C)(C)C
DB01600,CC(C1=CC=C(S1)C(=O)C2=CC=CC=C2)C(=O)O
DB01608,C1CN(CCC1O)CCCN2C3=CC=CC=C3SC4=C2C=C(C=C4)C#N
DB01611,CCN(CCCC(C)NC1=C2C=CC(=CC2=NC=C1)Cl)CCO
DB01614,CC(=O)C1=CC2=C(C=C1)SC3=CC=CC=C3N2CCCN(C)C
DB01618,CCC1=C(NC2=C1C(=O)C(CC2)CN3CCOCC3)C
DB01620,CN(C)CCC(C1=CC=CC=C1)C2=CC=CC=N2
DB01621,CN(C)S(=O)(=O)C1=CC2=C(C=C1)SC3=CC=CC=C3N2CCCN4CCC(CC4)CCO
DB01622,CN1CCN(CC1)CCCN2C3=CC=CC=C3SC4=C2C=C(C=C4)S(=O)(=O)N(C)C
DB01623,CN1CCN(CC1)CCC=C2C3=CC=CC=C3SC4=C2C=C(C=C4)S(=O)(=O)N(C)C
DB01624,C1CN(CCN1CCC=C2C3=CC=CC=C3SC4=C2C=C(C=C4)Cl)CCO
DB01625,CC(C)[N+](C)(CCC(C1=CC=CC=C1)(C2=CC=CC=C2)C(=O)N)C(C)C
DB01626,CN(CC#C)CC1=CC=CC=C1
DB01628,CC1=NC=C(C=C1)C2=C(C=C(C=N2)Cl)C3=CC=C(C=C3)S(=O)(=O)C
DB01656,C1CC1COC2=C(C=CC(=C2)C(=O)NC3=C(C=NC=C3Cl)Cl)OC(F)F
DB01708,CC12CCC3C(C1CCC2=O)CC=C4C3(CCC(C4)O)C
DB02546,C1=CC=C(C=C1)NC(=O)CCCCCCC(=O)NO
DB02638,C1CC(N(C1)C(=O)C2CSSCC(C(=O)NC(C(=O)NC(C(=O)NC(C(=O)NC(C(=O)N2)CC(=O)N)CCC(=O)N)CC3=CC=CC=C3)CC4=CC=C(C=C4)O)NC(=O)CNC(=O)CNC(=O)CN)C(=O)NC(CCCCN)C(=O)NCC(=O)N
DB04272,C(C(=O)O)C(CC(=O)O)(C(=O)O)O
DB04552,C1=CC(=CC(=C1)NC2=C(C=CC=N2)C(=O)O)C(F)(F)F
DB04573,CC12CCC3C(C1CC(C2O)O)CCC4=C3C=CC(=C4)O
DB04794,C1=CC=C(C=C1)C2=CC=C(C=C2)C(C3=CC=CC=C3)N4C=CN=C4
DB04838,CC1CC(CC(C1)(C)C)OC(=O)C(C2=CC=CC=C2)O
DB04841,C1CN(CCN1CC=CC2=CC=CC=C2)C(C3=CC=C(C=C3)F)C4=CC=C(C=C4)F
DB04842,C1CN(CCC12C(=O)NCN2C3=CC=CC=C3)CCCC(C4=CC=C(C=C4)F)C5=CC=C(C=C5)F
DB04843,C[N+]1(CCCC(C1)OC(=O)C(C2=CC=CC=C2)(C3=CC=CC=C3)O)C
DB04855,CCCCC1=C(C2=C(O1)C=CC(=C2)NS(=O)(=O)C)C(=O)C3=CC=C(C=C3)OCCCN(CCCC)CCCC
DB04861,C1CC2=C(C=CC(=C2)F)OC1C(CNCC(C3CCC4=C(O3)C=CC(=C4)F)O)O
DB04868,CC1=C(C=C(C=C1)C(=O)NC2=CC(=CC(=C2)C(F)(F)F)N3C=C(N=C3)C)NC4=NC=CC(=N4)C5=CN=CC=C5
DB04876,C1CC(N(C1)C(=O)CNC23CC4CC(C2)CC(C4)(C3)O)C#N
DB04878,C1C(C(C(C(C1(CO)O)O)O)O)NC(CO)CO
DB04894,CC(C)C1C(=O)NC(CSSCC(C(=O)NC(C(=O)NC(C(=O)NC(C(=O)N1)CCCCN)CC2=CNC3=CC=CC=C32)CC4=CC=C(C=C4)O)NC(=O)C(CC5=CC=CC=C5)N)C(=O)NC(CC6=CNC7=CC=CC=C76)C(=O)N
DB04896,CCN(CC)C(=O)C1(CC1CN)C2=CC=CC=C2
DB04946,CC(=O)C1=CC(=C(C=C1)OCCCN2CCC(CC2)C3=NOC4=C3C=CC(=C4)F)OC
DB04948,CC(C1=NCCN1)OC2=C(C=CC=C2Cl)Cl
DB04953,CCOC(=O)NC1=C(C=C(C=C1)NCC2=CC=C(C=C2)F)N
DB05013,CC=C(C)C(=O)OC1C(=CC23C1(C(C(=CC(C2=O)C4C(C4(C)C)CC3C)CO)O)O)C
DB05039,CCC1=C(C=C2CC(CC2=C1)NCC(C3=C4C=CC(=O)NC4=C(C=C3)O)O)CC
DB05105,CC1=CC(=CC(=C1OCCCC2=CC(=NO2)C)C)C3=NOC(=N3)C(F)(F)F
DB05266,CC(C)C1=NN2C=CC=CC2=C1C(=O)C(C)C
DB05271,CCCN(CCC1=CC=CS1)C2CCC3=C(C2)C=CC=C3O
DB05294,CN1CCC(CC1)COC2=C(C=C3C(=C2)N=CN=C3NC4=C(C=C(C=C4)Br)F)OC
DB05381,C1=C(NC=N1)CCN
DB06144,C1CN(CCC1C2=CN(C3=C2C=C(C=C3)Cl)C4=CC=C(C=C4)F)CCN5CCNC5=O
DB06148,CN1CCN2C(C1)C3=CC=CC=C3CC4=CC=CC=C42
DB06155,CC1=C(N(N=C1C(=O)NN2CCCCC2)C3=C(C=C(C=C3)Cl)Cl)C4=CC=C(C=C4)Cl
DB06196,C1CCC2C(C1)CC(N2C(=O)C3CC4=CC=CC=C4CN3C(=O)C(CO)NC(=O)C(CC5=CC=CS5)NC(=O)CNC(=O)C6CC(CN6C(=O)C7CCCN7C(=O)C(CCCN=C(N)N)NC(=O)C(CCCN=C(N)N)N)O)C(=O)NC(CCCN=C(N)N)C(=O)O
DB06203,CN1C(=O)C=C(N(C1=O)CC2=CC=CC=C2C#N)N3CCCC(C3)N
DB06204,CCC(C1=CC(=CC=C1)O)C(C)CN(C)C
DB06213,CNC(=O)C1=CN(N=C1)C2=NC(=C3C(=N2)N(C=N3)C4C(C(C(O4)CO)O)O)N
DB06216,CN1CC2C(C1)C3=C(C=CC(=C3)Cl)OC4=CC=CC=C24.C(=CC(=O)O)C(=O)O
DB06218,CC(=O)NC(COC)C(=O)NCC1=CC=CC=C1
DB06268,CC1=CC2=C(C=C1CC(=O)C3=C(C=CS3)S(=O)(=O)NC4=C(C(=NO4)C)Cl)OCO2
DB06274,CC1CN(CCC1(C)C2=CC(=CC=C2)O)CC(CC3=CC=CC=C3)C(=O)NCC(=O)O
DB06288,CCN1CCCC1CNC(=O)C2=CC(=C(C=C2OC)N)S(=O)(=O)CC
DB06292,CCOC1=CC=C(C=C1)CC2=C(C=CC(=C2)C3C(C(C(C(O3)CO)O)O)O)Cl
DB06335,C1C2CC2N(C1C#N)C(=O)C(C34CC5CC(C3)CC(C5)(C4)O)N
DB06589,CC1=C(C=C(C=C1)NC2=NC=CC(=N2)N(C)C3=CC4=NN(C(=C4C=C3)C)C)S(=O)(=O)N
DB06594,CC(=O)NCCC1=CC=CC2=C1C=C(C=C2)OC
DB06616,CN1CCN(CC1)CCCOC2=C(C=C3C(=C2)N=CC(=C3NC4=CC(=C(C=C4Cl)Cl)OC)C#N)OC
DB06684,C1CN(CCN1CCCCC2=CNC3=C2C=C(C=C3)C#N)C4=CC5=C(C=C4)OC(=C5)C(=O)N
DB06689,CCCCCCCCC=CCCCCCCCC(=O)O.C(CO)N
DB06691,CN(C)CCN(CC1=CC=C(C=C1)OC)C2=CC=CC=N2
DB06694,CC1=CC(=CC(=C1CC2=NCCN2)C)C(C)(C)C
DB06698,CNCCC1=CC=CC=N1
DB06700,CN(C)CC(C1=CC=C(C=C1)O)C2(CCCCC2)O
DB06702,CC(C)C(=O)OC1=C(C=C(C=C1)CO)C(CCN(C(C)C)C(C)C)C2=CC=CC=C2
DB06710,CC12CCC(=O)C=C1CCC3C2CCC4(C3CCC4(C)O)C
DB06711,C1CN=C(N1)CC2=CC=CC3=CC=CC=C32
DB06712,CC1=C(C(C(=C(N1)C#N)C(=O)OC)C2=CC(=CC=C2)[N+](=O)[O-])C(=O)OC(C)C
DB06725,CN1C(=C(C2=C(S1(=O)=O)C=C(S2)Cl)O)C(=O)NC3=CC=CC=N3
DB06751,CCOC1=C(C=C(C=C1)C=C2C3=CC(=C(C=C3CCN2)OCC)OCC)OCC
DB06772,CC1=C2C(C(=O)C3(C(CC4C(C3C(C(C2(C)C)(CC1OC(=O)C(C(C5=CC=CC=C5)NC(=O)OC(C)(C)C)O)O)OC(=O)C6=CC=CC=C6)(CO4)OC(=O)C)OC)C)OC
DB06777,CC(CCC(=O)O)C1CCC2C1(CCC3C2C(CC4C3(CCC(C4)O)C)O)C
DB06795,C1=CC(=CC=C1CN)S(=O)(=O)N
DB06802,C1=CC=C(C=C1)C(=O)C2=CC=CC(=C2N)CC(=O)N
DB06809,C1CNCCNCCCN(CCNC1)CC2=CC=C(C=C2)CN3CCCNCCNCCCNCC3
DB08604,C1=CC(=C(C=C1Cl)O)OC2=C(C=C(C=C2)Cl)Cl
DB08800,CN(C)CCN(CC1=CC=C(C=C1)Cl)C2=CC=CC=N2
DB08801,CC(C1=CC=CC=N1)C2=C(CC3=CC=CC=C32)CCN(C)C
DB08807,CC1=CC2=C(N1)C=CC=C2OCC(CNC(C)(C)C)OC(=O)C3=CC=CC=C3
DB08808,CC1=CC(=C(C=C1)Cl)OCC(CNC(C)(C)C)O
DB08811,CCC1C(=NN=C(C2=CC(=C(C=C12)OC)OC)C3=CC(=C(C=C3)OC)OC)C
DB08815,C1CCC(C(C1)CN2CCN(CC2)C3=NSC4=CC=CC=C43)CN5C(=O)C6C7CCC(C7)C6C5=O
DB08828,CS(=O)(=O)C1=CC(=C(C=C1)C(=O)NC2=CC(=C(C=C2)Cl)C3=CC=CC=N3)Cl
DB08865,CC(C1=C(C=CC(=C1Cl)F)Cl)OC2=C(N=CC(=C2)C3=CN(N=C3)C4CCNCC4)N
DB08868,CCCCCCCCC1=CC=C(C=C1)CCC(CO)(CO)N
DB08873,CC1(C2C1C(N(C2)C(=O)C(C(C)(C)C)NC(=O)NC(C)(C)C)C(=O)NC(CC3CCC3)C(=O)C(=O)N)C
DB08877,C1CCC(C1)C(CC#N)N2C=C(C=N2)C3=C4C=CNC4=NC=N3
DB08881,CCCS(=O)(=O)NC1=C(C(=C(C=C1)F)C(=O)C2=CNC3=C2C=C(C=N3)C4=CC=C(C=C4)Cl)F
DB08882,CC#CCN1C2=C(N=C1N3CCCC(C3)N)N(C(=O)N(C2=O)CC4=NC5=CC=CC=C5C(=N4)C)C
DB08896,CNC(=O)C1=NC=CC(=C1)OC2=CC(=C(C=C2)NC(=O)NC3=CC(=C(C=C3)Cl)C(F)(F)F)F
DB08901,CC1=C(C=C(C=C1)C(=O)NC2=CC(=C(C=C2)CN3CCN(CC3)C)C(F)(F)F)C#CC4=CN=C5N4N=CC=C5
DB08907,CC1=C(C=C(C=C1)C2C(C(C(C(O2)CO)O)O)O)CC3=CC=C(S3)C4=CC=C(C=C4)F
DB08916,CN(C)CC=CC(=O)NC1=C(C=C2C(=C1)C(=NC=N2)NC3=CC(=C(C=C3)F)Cl)OC4CCOC4
DB08932,CCCNS(=O)(=O)NC1=C(C(=NC=N1)OCCOC2=NC=C(C=N2)Br)C3=CC=C(C=C3)Br
DB08954,CC(C(C1=CC=C(C=C1)O)O)N2CCC(CC2)CC3=CC=CC=C3
DB09000,CC(CN1C2=CC=CC=C2SC3=C1C=C(C=C3)C#N)CN(C)C
